product_name,seller,price,rating,sold,title,source
"Brake Master Assy NMR71","",523800,,"","BM Assy Isuzu nkr71 nmr71 nlr55 8-98127-461-3 upper brake master","Lazada"
"Brake Master Assy NMR71","",495000,3,,"Master rem atas isuzu Giga NMR71 NLR55 Original","Lazada"
"Brake Master Assy NMR71","",550000,,"","master rem atas / central rem atas / BM assy / Isuzu elf NLR55 / NMR71","Lazada"
"Brake Master Assy NMR71","",635000,,"","brake master assy bm assy master rem atas isuzu nmr71 uero","Lazada"
"Brake Master Assy NMR71","",785000,,"","Top Brake Master / Brake Master Assy Isuzu Elf Nmr71 (Yuzaka) Jpn","Lazada"
"Brake Master Assy NMR71","",685000,,"","master rem atas Isuzu nmr71","Lazada"
"Brake Master Assy NMR71","",722000,,"","BRAKE MASTER CYLINDER MASTER REM SILINDER ATAS ISUZU ELF NMR 71 NMR71 125 PS NLR NPS NQR 81 85 BIERKENS","Lazada"
"Brake Master Assy NMR71","",1050000,,"","Booster Assy Nmr71 Nmr 71 Brake Master Booster Elf Nmr71","Lazada"
"Brake Master Assy NMR71","",895000,,"","Top Brake Master 1 1/8 in / B.M Assy Isuzu Elf Nmr'71 (Kitano)","Lazada"
"Brake Master Assy NMR71","",775000,,"","Bm Assy Master Brake Upper Isuzu Elf Nmr71 Nmr 71","Lazada"
"Brake Master Assy NMR71","",825000,,"","BM ASSY MASTER REM ATAS PUSAT ISUZU ELF GIGA NMR NMR71 NLR55 BENSCO BMC BRAKE MASTER ORIGINAL","Lazada"
"Brake Master Assy NMR71","",755000,,"","Brake Master Rem Atas Isuzu NMR71 NLR55 2018 - keatas Birkens","Lazada"
"Timing Belt Trooper Diesel 4JB1","",999000,,"","TIMING BELT ISUZU TROOPER BIGHORN 4JB1 T/TC 4JG2 119 GIGI","Lazada"
"Timing Belt Trooper Diesel 4JB1","",980000,,"","TIMING BELT ISUZU TROOPER BIGHORN ISUZU 4JB1 T/TC 4JG2 GIGI 119","Lazada"
"As Kopling L300","",968300,,"","L300 2.5 Cc Car Clutch Axle","Lazada"
"As Kopling L300","",1050000,,"","Input Shaft as kopling L200 k64t L038 L300 diesel","Lazada"
"As Kopling L300","",565000,,"","as kopling L300 bensin dekex Japan asli di jamin","Lazada"
"As Kopling L300","",397000,,"","As Kopling Gear As Kopling Main Drive Mitsubishi L300 Bensin Deluxe","Lazada"
"As Kopling L300","",275000,1,,"AS KOPLING L300 BENSIN DELUXE - MAIN DRIVE GEAR L300 BENSIN DELUXE","Lazada"
"As Kopling L300","",525000,4,19,"as pedal kopling Mitsubishi colt L300 pick up minibus sama","Lazada"
"As Kopling L300","",680000,,"","Infut Shaft As Kopling Mitsubishi L300 Diesel 2022-Up Euro 4 4N14","Lazada"
"As Kopling L300","",520000,,"","Main drive gear/as clutch as pris Mitsubishi L300, L038, L039 diesel","Lazada"
"As Kopling L300","",870000,,"","As Kopling Main Drive Gear Mitsubihsi L300 Diesel L039 2500Cc","Lazada"
"Tie Rod End Timor S515","",825000,7,19,"rack end long tie rod timor","Lazada"
"Tie Rod End Timor S515","",95000,32,96,"LONG TIEROD TIE ROD RACK END KIA TIMOR ORIGINAL","Lazada"
"Tie Rod End Timor S515","",115000,9,21,"Tie rod end KIA Timor sepia carrens 1 dan 2","Lazada"
"Tie Rod End Timor S515","",85000,,"","RACK END LONG TIE ROD KIA TIMOR DOHC SOHC SEPHIA 1PC","Lazada"
"Tie Rod End Timor S515","",110000,19,62,"Tierod End timor/ tirod mobil timor","Lazada"
"Tie Rod End Timor S515","",95000,,"","Long Tie Rod Tie Rod Long Rack End Timor so Do Ok201-32-240","Lazada"
"Tie Rod End Timor S515","",175000,,"","TIE ROD END KIA TIMOR DOHC TIMOR SOHC HARGA 1SET","Lazada"
"Tie Rod End Timor S515","",225000,22,50,"TIE ROD END TIE ROD PENDEK TIMOR DOHC SOHC HARGA SET","Lazada"
"Tie Rod End Timor S515","",75000,,"","RACK END - LONG TIE ROD KIA TIMOR SEPHIA Ok201-32-240","Lazada"
"Tie Rod End Timor S515","",110000,,"","RACK END LONG TIE ROD KIA TIMOR,KIA SEPHIA,CARENS ORI 1PC","Lazada"
"Tie Rod End Timor S515","",135000,,"","Tie Rod End Tirod Terod Timor 1set","Lazada"
"Tie Rod End Timor S515","",248000,,"","Tie Rod End Timor","Lazada"
"Tie Rod End Timor S515","",600000,21,43,"LONG TIE ROD TIE ROD END KIA TIMOR SOHC,TIMOR DOCH ORIGINAL 2SET 4PC","Lazada"
"Tie Rod End Timor S515","",185000,,"","tie rod end tierod R/L kanan kiri kia timor carens sephia harga 1 set (2 pcs)","Lazada"
"Tie Rod End Timor S515","",210000,,"124","LONG TIE ROD RACK END KIA TIMOR DOHC TIMOR SOHC ORIGINAL 1PC","Lazada"
"Rack End Mazda E2000","",135000,4,14,"Rack end Mazda E2000","Lazada"
"Rack End Mazda E2000","",141250,2,6,"rack end long tie rod mazda E2000 1pc import","Lazada"
"Rack End Mazda E2000","",125000,,"","rack end long tie rod mazda E2000 1pc import","Lazada"
"Rack End Mazda E2000","",156249,,"","rack end long tie rod mazda E2000 1pc import","Lazada"
"Rack End Mazda E2000","",156249,,"","rack end long tie rod mazda E2000 1pc import .","Lazada"
"Rack End Mazda E2000","",126100,3,11,"Rack End Long Tie Rod Mazda E2000","Lazada"
"Rack End Mazda E2000","",320000,,"","Rack end long tie rod end Mazda E2000 E 2000 Original JAPAN Harga 2pc","Lazada"
"Rack End Mazda E2000","",315000,,"","Long tie rod end rack end Mazda E 2000 2pc made in JAPAN","Lazada"
"Rack End Mazda E2000","",500000,1,,"LONG TIEROD & RACK END MERK 555 MADE IN JAPAN ASLI UNTUK MAZDA E2000 HARGA SEPASANG","Lazada"
"Rack End Mazda E2000","",257000,1,,"Rack End Long Tie Rod Mazda Interplay 626 GLX Capella E2000","Lazada"
